width,n_hidden,N,D,C,batch_size,lr,steps,iso_C,seed,init_loss,val_loss
32,2,3200,2048,34996224.0,256,0.015217947807240886,8,0.0,0,2.336397171020508,2.0159199237823486
32,2,3200,4096,69992448.0,256,0.015217947807240886,16,0.0,0,2.336397171020508,1.88767671585083
32,2,3200,8192,139984896.0,256,0.015217947807240886,32,0.0,0,2.336397171020508,1.8493802547454834
32,2,3200,16384,279969792.0,256,0.015217947807240886,64,0.0,0,2.336397171020508,1.8081237077713013
32,2,3200,32768,559939584.0,256,0.015217947807240886,128,0.0,0,2.336397171020508,1.7535791397094727
32,2,3200,65536,1119879168.0,256,0.015217947807240886,256,0.0,0,2.336397171020508,1.6765336990356445
32,2,3200,131072,2239758336.0,256,0.01343292812684633,512,0.0,0,2.336397171020508,1.6067802906036377
32,2,3200,262144,4479516672.0,256,0.011857285906524268,1024,0.0,0,2.336397171020508,1.573114275932312
32,2,3200,524288,8959033344.0,256,0.010466461797563926,2048,0.0,0,2.336397171020508,1.5444016456604004
32,2,3200,1048576,17918066688.0,256,0.00923877718927135,4096,0.0,0,2.336397171020508,1.532993197441101
32,2,3200,2097152,35836133376.0,256,0.008155096307031576,8192,0.0,0,2.336397171020508,1.5127179622650146
32,2,3200,4194304,71672266752.0,256,0.007198527945255627,16384,0.0,0,2.336397171020508,1.4977240562438965
32,2,3200,8388608,143344533504.0,256,0.006354162186159153,32768,0.0,0,2.336397171020508,1.4859697818756104
32,2,3200,16777216,286689067008.0,256,0.005608838000639462,65536,0.0,0,2.336397171020508,1.480884075164795
64,2,8416,2048,94765056.0,256,0.011791717115467717,8,0.0,0,2.3292205333709717,1.9358068704605103
64,2,8416,4096,189530112.0,256,0.011791717115467717,16,0.0,0,2.3292205333709717,1.879711627960205
64,2,8416,8192,379060224.0,256,0.011791717115467717,32,0.0,0,2.3292205333709717,1.8243861198425293
64,2,8416,16384,758120448.0,256,0.011791717115467717,64,0.0,0,2.3292205333709717,1.7612746953964233
64,2,8416,32768,1516240896.0,256,0.011791717115467717,128,0.0,0,2.3292205333709717,1.6796622276306152
64,2,8416,65536,3032481792.0,256,0.011791717115467717,256,0.0,0,2.3292205333709717,1.6036568880081177
64,2,8416,131072,6064963584.0,256,0.010408584029235153,512,0.0,0,2.3292205333709717,1.5122654438018799
64,2,8416,262144,12129927168.0,256,0.009187688309748926,1024,0.0,0,2.3292205333709717,1.4403620958328247
64,2,8416,524288,24259854336.0,256,0.00811,2048,0.0,0,2.3292205333709717,1.3958745002746582
64,2,8416,1048576,48519708672.0,256,0.00715872129991721,4096,0.0,0,2.3292205333709717,1.381838083267212
64,2,8416,2097152,97039417344.0,256,0.006319024741046653,8192,0.0,0,2.3292205333709717,1.3682876825332642
64,2,8416,4194304,194078834688.0,256,0.005577822072556661,16384,0.0,0,2.3292205333709717,1.3283687829971313
64,2,8416,8388608,388157669376.0,256,0.004923560256221915,32768,0.0,0,2.3292205333709717,1.2996103763580322
64,2,8416,16777216,776315338752.0,256,0.004346041390584668,65536,0.0,0,2.3292205333709717,1.2863813638687134
128,2,24992,2048,289800192.0,256,0.009136881943112934,8,0.0,0,2.328465700149536,1.9112586975097656
128,2,24992,4096,579600384.0,256,0.009136881943112934,16,0.0,0,2.328465700149536,1.8619893789291382
128,2,24992,8192,1159200768.0,256,0.009136881943112934,32,0.0,0,2.328465700149536,1.7876938581466675
128,2,24992,16384,2318401536.0,256,0.009136881943112934,64,0.0,0,2.328465700149536,1.6986587047576904
128,2,24992,32768,4636803072.0,256,0.009136881943112934,128,0.0,0,2.328465700149536,1.6264116764068604
128,2,24992,65536,9273606144.0,256,0.009136881943112934,256,0.0,0,2.328465700149536,1.5012307167053223
128,2,24992,131072,18547212288.0,256,0.008065153067939769,512,0.0,0,2.328465700149536,1.4285593032836914
128,2,24992,262144,37094424576.0,256,0.0071191347786132,1024,0.0,0,2.328465700149536,1.393183946609497
128,2,24992,524288,74188849152.0,256,0.00628408160007888,2048,0.0,0,2.328465700149536,1.3665800094604492
128,2,24992,1048576,148377698304.0,256,0.0055469776573246,4096,0.0,0,2.328465700149536,1.3144184350967407
128,2,24992,2097152,296755396608.0,256,0.004896333798477742,8192,0.0,0,2.328465700149536,1.2692210674285889
128,2,24992,4194304,593510793216.0,256,0.004322008514755507,16384,0.0,0,2.328465700149536,1.2497622966766357
128,2,24992,8388608,1187021586432.0,256,0.003815049865968409,32768,0.0,0,2.328465700149536,1.2385730743408203
128,2,24992,16777216,2374043172864.0,256,0.0033675559476885756,65536,0.0,0,2.328465700149536,1.2300035953521729
256,2,82720,2048,981860352.0,256,0.007079767164094817,8,0.0,0,2.3215270042419434,1.8715083599090576
256,2,82720,4096,1963720704.0,256,0.007079767164094817,16,0.0,0,2.3215270042419434,1.831023931503296
256,2,82720,8192,3927441408.0,256,0.007079767164094817,32,0.0,0,2.3215270042419434,1.7410379648208618
256,2,82720,16384,7854882816.0,256,0.007079767164094817,64,0.0,0,2.3215270042419434,1.663672924041748
256,2,82720,32768,15709765632.0,256,0.007079767164094817,128,0.0,0,2.3215270042419434,1.5817009210586548
256,2,82720,65536,31419531264.0,256,0.007079767164094817,256,0.0,0,2.3215270042419434,1.444251537322998
256,2,82720,131072,62839062528.0,256,0.006249331688786688,512,0.0,0,2.3215270042419434,1.4038063287734985
256,2,82720,262144,125678125056.0,256,0.005516303806506147,1024,0.0,0,2.3215270042419434,1.3719121217727661
256,2,82720,524288,251356250112.0,256,0.004869257898452521,2048,0.0,0,2.3215270042419434,1.3120150566101074
256,2,82720,1048576,502712500224.0,256,0.004298108536675977,4096,0.0,0,2.3215270042419434,1.2614511251449585
256,2,82720,2097152,1005425000448.0,256,0.0037939532837063276,8192,0.0,0,2.3215270042419434,1.2404738664627075
256,2,82720,4194304,2010850000896.0,256,0.0033489339313143443,16384,0.0,0,2.3215270042419434,1.2264385223388672
256,2,82720,8388608,4021700001792.0,256,0.002956114015550614,32768,0.0,0,2.3215270042419434,1.2190310955047607
256,2,82720,16777216,8043400003584.0,256,0.002609370698903326,65536,0.0,0,2.3215270042419434,1.2149903774261475
512,2,296480,2048,3573940224.0,256,0.005485799576908863,8,0.0,0,2.327028274536133,1.8503954410552979
512,2,296480,4096,7147880448.0,256,0.005485799576908863,16,0.0,0,2.327028274536133,1.7580461502075195
512,2,296480,8192,14295760896.0,256,0.005485799576908863,32,0.0,0,2.327028274536133,1.7041996717453003
512,2,296480,16384,28591521792.0,256,0.005485799576908863,64,0.0,0,2.327028274536133,1.6444320678710938
512,2,296480,32768,57183043584.0,256,0.005485799576908863,128,0.0,0,2.327028274536133,1.4912043809890747
512,2,296480,65536,114366087168.0,256,0.005485799576908863,256,0.0,0,2.327028274536133,1.4250819683074951
512,2,296480,131072,228732174336.0,256,0.00484233172358746,512,0.0,0,2.327028274536133,1.3872028589248657
512,2,296480,262144,457464348672.0,256,0.004274340721443942,1024,0.0,0,2.327028274536133,1.335119366645813
512,2,296480,524288,914928697344.0,256,0.0037729733619857268,2048,0.0,0,2.327028274536133,1.276397705078125
512,2,296480,1048576,1829857394688.0,256,0.0033304148915496265,4096,0.0,0,2.327028274536133,1.244412899017334
512,2,296480,2097152,3659714789376.0,256,0.002939767203661872,8192,0.0,0,2.327028274536133,1.226163387298584
512,2,296480,4194304,7319429578752.0,256,0.0025949413190693342,16384,0.0,0,2.327028274536133,1.2179911136627197
512,2,296480,8388608,14638859157504.0,256,0.0022905624775409255,32768,0.0,0,2.327028274536133,1.2124131917953491
512,2,296480,16777216,29277718315008.0,256,0.0020218863621163205,65536,0.0,0,2.327028274536133,1.2096095085144043
768,2,641312,2048,7776632832.0,256,0.004725397566705371,8,0.0,0,2.314380407333374,1.8633768558502197
768,2,641312,4096,15553265664.0,256,0.004725397566705371,16,0.0,0,2.314380407333374,1.751333236694336
768,2,641312,8192,31106531328.0,256,0.004725397566705371,32,0.0,0,2.314380407333374,1.695059061050415
768,2,641312,16384,62213062656.0,256,0.004725397566705371,64,0.0,0,2.314380407333374,1.6283454895019531
768,2,641312,32768,124426125312.0,256,0.004725397566705371,128,0.0,0,2.314380407333374,1.4663622379302979
768,2,641312,65536,248852250624.0,256,0.004725397566705371,256,0.0,0,2.314380407333374,1.4192097187042236
768,2,641312,131072,497704501248.0,256,0.004171122590795401,512,0.0,0,2.314380407333374,1.3732644319534302
768,2,641312,262144,995409002496.0,256,0.0036818624087907384,1024,0.0,0,2.314380407333374,1.3109261989593506
768,2,641312,524288,1990818004992.0,256,0.003249990980169513,2048,0.0,0,2.314380407333374,1.2641932964324951
768,2,641312,1048576,3981636009984.0,256,0.0028687767761132314,4096,0.0,0,2.314380407333374,1.2372506856918335
768,2,641312,2097152,7963272019968.0,256,0.002532277855964195,8192,0.0,0,2.314380407333374,1.223575472831726
768,2,641312,4194304,15926544039936.0,256,0.00223524925090007,16384,0.0,0,2.314380407333374,1.2158668041229248
768,2,641312,8388608,31853088079872.0,256,0.001973061211225934,32768,0.0,0,2.314380407333374,1.2117555141448975
768,2,641312,16777216,63706176159744.0,256,0.001741627043014,65536,0.0,0,2.314380407333374,1.20896577835083
1024,2,1117216,2048,13589938176.0,256,0.004250704338221146,8,0.0,0,2.3145384788513184,1.8053455352783203
1024,2,1117216,4096,27179876352.0,256,0.004250704338221146,16,0.0,0,2.3145384788513184,1.7421767711639404
1024,2,1117216,8192,54359752704.0,256,0.004250704338221146,32,0.0,0,2.3145384788513184,1.703094720840454
1024,2,1117216,16384,108719505408.0,256,0.004250704338221146,64,0.0,0,2.3145384788513184,1.610667109489441
1024,2,1117216,32768,217439010816.0,256,0.004250704338221146,128,0.0,0,2.3145384788513184,1.4586971998214722
1024,2,1117216,65536,434878021632.0,256,0.004250704338221146,256,0.0,0,2.3145384788513184,1.4135279655456543
1024,2,1117216,131072,869756043264.0,256,0.0037521094556934908,512,0.0,0,2.3145384788513184,1.3552892208099365
1024,2,1117216,262144,1739512086528.0,256,0.0033119982589511422,1024,0.0,0,2.3145384788513184,1.299896001815796
1024,2,1117216,524288,3479024173056.0,256,0.0029235107868856055,2048,0.0,0,2.3145384788513184,1.2588022947311401
1024,2,1117216,1048576,6958048346112.0,256,0.002580591731271974,4096,0.0,0,2.3145384788513184,1.2341667413711548
1024,2,1117216,2097152,13916096692224.0,256,0.00227789605339666,8192,0.0,0,2.3145384788513184,1.2230186462402344
1024,2,1117216,4194304,27832193384448.0,256,0.0020107056715718895,16384,0.0,0,2.3145384788513184,1.2161791324615479
1024,2,1117216,8388608,55664386768896.0,256,0.0017748559209551202,32768,0.0,0,2.3145384788513184,1.2121343612670898
1024,2,1117216,16777216,111328773537792.0,256,0.0015666706394112941,65536,0.0,0,2.3145384788513184,1.2090120315551758
1536,2,2462240,2048,30048387072.0,256,0.0036615023307016935,8,0.0,0,2.314009189605713,1.8328183889389038
1536,2,2462240,4096,60096774144.0,256,0.0036615023307016935,16,0.0,0,2.314009189605713,1.7574197053909302
1536,2,2462240,8192,120193548288.0,256,0.0036615023307016935,32,0.0,0,2.314009189605713,1.7008839845657349
1536,2,2462240,16384,240387096576.0,256,0.0036615023307016935,64,0.0,0,2.314009189605713,1.5791152715682983
1536,2,2462240,32768,480774193152.0,256,0.0036615023307016935,128,0.0,0,2.314009189605713,1.4551310539245605
1536,2,2462240,65536,961548386304.0,256,0.0036615023307016935,256,0.0,0,2.314009189605713,1.404512643814087
1536,2,2462240,131072,1923096772608.0,256,0.003232019078235601,512,0.0,0,2.314009189605713,1.3368477821350098
1536,2,2462240,262144,3846193545216.0,256,0.002852912924427125,1024,0.0,0,2.314009189605713,1.288999080657959
1536,2,2462240,524288,7692387090432.0,256,0.0025182747865481582,2048,0.0,0,2.314009189605713,1.2528594732284546
1536,2,2462240,1048576,15384774180864.0,256,0.0022228886995692685,4096,0.0,0,2.314009189605713,1.2334293127059937
1536,2,2462240,2097152,30769548361728.0,256,0.001962150515530431,8192,0.0,0,2.314009189605713,1.2222440242767334
1536,2,2462240,4194304,61539096723456.0,256,0.0017319961392319645,16384,0.0,0,2.314009189605713,1.2162281274795532
1536,2,2462240,8388608,123078193446912.0,256,0.0015288381816639012,32768,0.0,0,2.314009189605713,1.2125244140625
1536,2,2462240,16777216,246156386893824.0,256,0.001349510043798282,65536,0.0,0,2.314009189605713,1.2095229625701904
32,2,3200,2048,34996224.0,256,0.015217947807240886,8,0.0,1,2.3243508338928223,1.9603782892227173
32,2,3200,4096,69992448.0,256,0.015217947807240886,16,0.0,1,2.3243508338928223,1.8865344524383545
32,2,3200,8192,139984896.0,256,0.015217947807240886,32,0.0,1,2.3243508338928223,1.8487426042556763
32,2,3200,16384,279969792.0,256,0.015217947807240886,64,0.0,1,2.3243508338928223,1.813010811805725
32,2,3200,32768,559939584.0,256,0.015217947807240886,128,0.0,1,2.3243508338928223,1.7589703798294067
32,2,3200,65536,1119879168.0,256,0.015217947807240886,256,0.0,1,2.3243508338928223,1.6891720294952393
32,2,3200,131072,2239758336.0,256,0.01343292812684633,512,0.0,1,2.3243508338928223,1.6166980266571045
32,2,3200,262144,4479516672.0,256,0.011857285906524268,1024,0.0,1,2.3243508338928223,1.571406364440918
32,2,3200,524288,8959033344.0,256,0.010466461797563926,2048,0.0,1,2.3243508338928223,1.5428301095962524
32,2,3200,1048576,17918066688.0,256,0.00923877718927135,4096,0.0,1,2.3243508338928223,1.5240349769592285
32,2,3200,2097152,35836133376.0,256,0.008155096307031576,8192,0.0,1,2.3243508338928223,1.5098947286605835
32,2,3200,4194304,71672266752.0,256,0.007198527945255627,16384,0.0,1,2.3243508338928223,1.5026793479919434
32,2,3200,8388608,143344533504.0,256,0.006354162186159153,32768,0.0,1,2.3243508338928223,1.4881011247634888
32,2,3200,16777216,286689067008.0,256,0.005608838000639462,65536,0.0,1,2.3243508338928223,1.476860523223877
64,2,8416,2048,94765056.0,256,0.011791717115467717,8,0.0,1,2.3325119018554688,1.9227681159973145
64,2,8416,4096,189530112.0,256,0.011791717115467717,16,0.0,1,2.3325119018554688,1.8822948932647705
64,2,8416,8192,379060224.0,256,0.011791717115467717,32,0.0,1,2.3325119018554688,1.822744369506836
64,2,8416,16384,758120448.0,256,0.011791717115467717,64,0.0,1,2.3325119018554688,1.7566444873809814
64,2,8416,32768,1516240896.0,256,0.011791717115467717,128,0.0,1,2.3325119018554688,1.6763079166412354
64,2,8416,65536,3032481792.0,256,0.011791717115467717,256,0.0,1,2.3325119018554688,1.606867790222168
64,2,8416,131072,6064963584.0,256,0.010408584029235153,512,0.0,1,2.3325119018554688,1.5121054649353027
64,2,8416,262144,12129927168.0,256,0.009187688309748926,1024,0.0,1,2.3325119018554688,1.43497633934021
64,2,8416,524288,24259854336.0,256,0.00811,2048,0.0,1,2.3325119018554688,1.3969064950942993
64,2,8416,1048576,48519708672.0,256,0.00715872129991721,4096,0.0,1,2.3325119018554688,1.3812423944473267
64,2,8416,2097152,97039417344.0,256,0.006319024741046653,8192,0.0,1,2.3325119018554688,1.367799997329712
64,2,8416,4194304,194078834688.0,256,0.005577822072556661,16384,0.0,1,2.3325119018554688,1.3340480327606201
64,2,8416,8388608,388157669376.0,256,0.004923560256221915,32768,0.0,1,2.3325119018554688,1.3129198551177979
64,2,8416,16777216,776315338752.0,256,0.004346041390584668,65536,0.0,1,2.3325119018554688,1.2930104732513428
128,2,24992,2048,289800192.0,256,0.009136881943112934,8,0.0,1,2.313856601715088,1.8959650993347168
128,2,24992,4096,579600384.0,256,0.009136881943112934,16,0.0,1,2.313856601715088,1.856431484222412
128,2,24992,8192,1159200768.0,256,0.009136881943112934,32,0.0,1,2.313856601715088,1.7900779247283936
128,2,24992,16384,2318401536.0,256,0.009136881943112934,64,0.0,1,2.313856601715088,1.6945241689682007
128,2,24992,32768,4636803072.0,256,0.009136881943112934,128,0.0,1,2.313856601715088,1.6286594867706299
128,2,24992,65536,9273606144.0,256,0.009136881943112934,256,0.0,1,2.313856601715088,1.5085349082946777
128,2,24992,131072,18547212288.0,256,0.008065153067939769,512,0.0,1,2.313856601715088,1.4267274141311646
128,2,24992,262144,37094424576.0,256,0.0071191347786132,1024,0.0,1,2.313856601715088,1.3950815200805664
128,2,24992,524288,74188849152.0,256,0.00628408160007888,2048,0.0,1,2.313856601715088,1.3676635026931763
128,2,24992,1048576,148377698304.0,256,0.0055469776573246,4096,0.0,1,2.313856601715088,1.319005012512207
128,2,24992,2097152,296755396608.0,256,0.004896333798477742,8192,0.0,1,2.313856601715088,1.273200273513794
128,2,24992,4194304,593510793216.0,256,0.004322008514755507,16384,0.0,1,2.313856601715088,1.249764084815979
128,2,24992,8388608,1187021586432.0,256,0.003815049865968409,32768,0.0,1,2.313856601715088,1.238708734512329
128,2,24992,16777216,2374043172864.0,256,0.0033675559476885756,65536,0.0,1,2.313856601715088,1.230926275253296
256,2,82720,2048,981860352.0,256,0.007079767164094817,8,0.0,1,2.322955369949341,1.853883981704712
256,2,82720,4096,1963720704.0,256,0.007079767164094817,16,0.0,1,2.322955369949341,1.8145391941070557
256,2,82720,8192,3927441408.0,256,0.007079767164094817,32,0.0,1,2.322955369949341,1.7296758890151978
256,2,82720,16384,7854882816.0,256,0.007079767164094817,64,0.0,1,2.322955369949341,1.6655431985855103
256,2,82720,32768,15709765632.0,256,0.007079767164094817,128,0.0,1,2.322955369949341,1.578296422958374
256,2,82720,65536,31419531264.0,256,0.007079767164094817,256,0.0,1,2.322955369949341,1.4440979957580566
256,2,82720,131072,62839062528.0,256,0.006249331688786688,512,0.0,1,2.322955369949341,1.4026159048080444
256,2,82720,262144,125678125056.0,256,0.005516303806506147,1024,0.0,1,2.322955369949341,1.3678407669067383
256,2,82720,524288,251356250112.0,256,0.004869257898452521,2048,0.0,1,2.322955369949341,1.3091886043548584
256,2,82720,1048576,502712500224.0,256,0.004298108536675977,4096,0.0,1,2.322955369949341,1.2614232301712036
256,2,82720,2097152,1005425000448.0,256,0.0037939532837063276,8192,0.0,1,2.322955369949341,1.239822268486023
256,2,82720,4194304,2010850000896.0,256,0.0033489339313143443,16384,0.0,1,2.322955369949341,1.2267814874649048
256,2,82720,8388608,4021700001792.0,256,0.002956114015550614,32768,0.0,1,2.322955369949341,1.2194989919662476
256,2,82720,16777216,8043400003584.0,256,0.002609370698903326,65536,0.0,1,2.322955369949341,1.2149503231048584
512,2,296480,2048,3573940224.0,256,0.005485799576908863,8,0.0,1,2.316495895385742,1.8769077062606812
512,2,296480,4096,7147880448.0,256,0.005485799576908863,16,0.0,1,2.316495895385742,1.780738115310669
512,2,296480,8192,14295760896.0,256,0.005485799576908863,32,0.0,1,2.316495895385742,1.7060037851333618
512,2,296480,16384,28591521792.0,256,0.005485799576908863,64,0.0,1,2.316495895385742,1.648945927619934
512,2,296480,32768,57183043584.0,256,0.005485799576908863,128,0.0,1,2.316495895385742,1.4978419542312622
512,2,296480,65536,114366087168.0,256,0.005485799576908863,256,0.0,1,2.316495895385742,1.424597144126892
512,2,296480,131072,228732174336.0,256,0.00484233172358746,512,0.0,1,2.316495895385742,1.387123465538025
512,2,296480,262144,457464348672.0,256,0.004274340721443942,1024,0.0,1,2.316495895385742,1.331021785736084
512,2,296480,524288,914928697344.0,256,0.0037729733619857268,2048,0.0,1,2.316495895385742,1.2716660499572754
512,2,296480,1048576,1829857394688.0,256,0.0033304148915496265,4096,0.0,1,2.316495895385742,1.243826150894165
512,2,296480,2097152,3659714789376.0,256,0.002939767203661872,8192,0.0,1,2.316495895385742,1.2261438369750977
512,2,296480,4194304,7319429578752.0,256,0.0025949413190693342,16384,0.0,1,2.316495895385742,1.2178149223327637
512,2,296480,8388608,14638859157504.0,256,0.0022905624775409255,32768,0.0,1,2.316495895385742,1.2127517461776733
512,2,296480,16777216,29277718315008.0,256,0.0020218863621163205,65536,0.0,1,2.316495895385742,1.2097840309143066
768,2,641312,2048,7776632832.0,256,0.004725397566705371,8,0.0,1,2.3167335987091064,1.9030731916427612
768,2,641312,4096,15553265664.0,256,0.004725397566705371,16,0.0,1,2.3167335987091064,1.766284704208374
768,2,641312,8192,31106531328.0,256,0.004725397566705371,32,0.0,1,2.3167335987091064,1.6920052766799927
768,2,641312,16384,62213062656.0,256,0.004725397566705371,64,0.0,1,2.3167335987091064,1.6180366277694702
768,2,641312,32768,124426125312.0,256,0.004725397566705371,128,0.0,1,2.3167335987091064,1.467714786529541
768,2,641312,65536,248852250624.0,256,0.004725397566705371,256,0.0,1,2.3167335987091064,1.4184913635253906
768,2,641312,131072,497704501248.0,256,0.004171122590795401,512,0.0,1,2.3167335987091064,1.3698827028274536
768,2,641312,262144,995409002496.0,256,0.0036818624087907384,1024,0.0,1,2.3167335987091064,1.3119639158248901
768,2,641312,524288,1990818004992.0,256,0.003249990980169513,2048,0.0,1,2.3167335987091064,1.2666504383087158
768,2,641312,1048576,3981636009984.0,256,0.0028687767761132314,4096,0.0,1,2.3167335987091064,1.2375707626342773
768,2,641312,2097152,7963272019968.0,256,0.002532277855964195,8192,0.0,1,2.3167335987091064,1.2237273454666138
768,2,641312,4194304,15926544039936.0,256,0.00223524925090007,16384,0.0,1,2.3167335987091064,1.2164474725723267
768,2,641312,8388608,31853088079872.0,256,0.001973061211225934,32768,0.0,1,2.3167335987091064,1.2128666639328003
768,2,641312,16777216,63706176159744.0,256,0.001741627043014,65536,0.0,1,2.3167335987091064,1.2093993425369263
1024,2,1117216,2048,13589938176.0,256,0.004250704338221146,8,0.0,1,2.3264293670654297,1.8403843641281128
1024,2,1117216,4096,27179876352.0,256,0.004250704338221146,16,0.0,1,2.3264293670654297,1.7451729774475098
1024,2,1117216,8192,54359752704.0,256,0.004250704338221146,32,0.0,1,2.3264293670654297,1.6986353397369385
1024,2,1117216,16384,108719505408.0,256,0.004250704338221146,64,0.0,1,2.3264293670654297,1.6050392389297485
1024,2,1117216,32768,217439010816.0,256,0.004250704338221146,128,0.0,1,2.3264293670654297,1.4574233293533325
1024,2,1117216,65536,434878021632.0,256,0.004250704338221146,256,0.0,1,2.3264293670654297,1.4117497205734253
1024,2,1117216,131072,869756043264.0,256,0.0037521094556934908,512,0.0,1,2.3264293670654297,1.3566360473632812
1024,2,1117216,262144,1739512086528.0,256,0.0033119982589511422,1024,0.0,1,2.3264293670654297,1.3007100820541382
1024,2,1117216,524288,3479024173056.0,256,0.0029235107868856055,2048,0.0,1,2.3264293670654297,1.2584812641143799
1024,2,1117216,1048576,6958048346112.0,256,0.002580591731271974,4096,0.0,1,2.3264293670654297,1.2351329326629639
1024,2,1117216,2097152,13916096692224.0,256,0.00227789605339666,8192,0.0,1,2.3264293670654297,1.2222599983215332
1024,2,1117216,4194304,27832193384448.0,256,0.0020107056715718895,16384,0.0,1,2.3264293670654297,1.2161414623260498
1024,2,1117216,8388608,55664386768896.0,256,0.0017748559209551202,32768,0.0,1,2.3264293670654297,1.2124007940292358
1024,2,1117216,16777216,111328773537792.0,256,0.0015666706394112941,65536,0.0,1,2.3264293670654297,1.2090916633605957
1536,2,2462240,2048,30048387072.0,256,0.0036615023307016935,8,0.0,1,2.330286979675293,1.8559414148330688
1536,2,2462240,4096,60096774144.0,256,0.0036615023307016935,16,0.0,1,2.330286979675293,1.7681645154953003
1536,2,2462240,8192,120193548288.0,256,0.0036615023307016935,32,0.0,1,2.330286979675293,1.7031331062316895
1536,2,2462240,16384,240387096576.0,256,0.0036615023307016935,64,0.0,1,2.330286979675293,1.584633231163025
1536,2,2462240,32768,480774193152.0,256,0.0036615023307016935,128,0.0,1,2.330286979675293,1.4542006254196167
1536,2,2462240,65536,961548386304.0,256,0.0036615023307016935,256,0.0,1,2.330286979675293,1.4045436382293701
1536,2,2462240,131072,1923096772608.0,256,0.003232019078235601,512,0.0,1,2.330286979675293,1.3370988368988037
1536,2,2462240,262144,3846193545216.0,256,0.002852912924427125,1024,0.0,1,2.330286979675293,1.2912452220916748
1536,2,2462240,524288,7692387090432.0,256,0.0025182747865481582,2048,0.0,1,2.330286979675293,1.2532124519348145
1536,2,2462240,1048576,15384774180864.0,256,0.0022228886995692685,4096,0.0,1,2.330286979675293,1.2348228693008423
1536,2,2462240,2097152,30769548361728.0,256,0.001962150515530431,8192,0.0,1,2.330286979675293,1.2228977680206299
1536,2,2462240,4194304,61539096723456.0,256,0.0017319961392319645,16384,0.0,1,2.330286979675293,1.2165906429290771
1536,2,2462240,8388608,123078193446912.0,256,0.0015288381816639012,32768,0.0,1,2.330286979675293,1.2125840187072754
1536,2,2462240,16777216,246156386893824.0,256,0.001349510043798282,65536,0.0,1,2.330286979675293,1.2097395658493042
